1;2;2642.804
1;4;3503.984
1;15;4561.476
1;16;2494.644
1;111;12991.78
1;120;6172.716
1;126;7728.396
1;606;1
2;1;2642.804
2;3;642.644
2;4;1474.192
2;16;233.352
2;151;1
2;332;1
3;2;642.644
3;4;1194.54
3;152;1
3;333;1
4;1;3503.984
4;2;1474.192
4;3;1194.54
4;5;683.388
4;6;838.956
4;15;3879.94
4;20;6083.82
4;33;7385.776
4;105;11524.996
4;111;12901.032
4;120;8443.268
4;126;9997.096
4;127;11193.488
4;153;1
4;334;1
5;4;683.388
5;6;175.94
5;154;1
5;335;1
6;4;838.956
6;5;175.94
6;19;3783.636
6;155;1
6;336;1
7;8;801.916
7;10;1796.44
7;18;1296.4
7;20;2829.856
7;21;1505.676
7;160;1
7;341;1
8;7;801.916
8;9;914.888
8;161;1
8;342;1
9;8;914.888
9;10;853.772
9;162;1
9;343;1
10;7;1796.44
10;9;853.772
10;11;603.752
10;14;1781.624
10;18;1629.76
10;20;2222.4
10;21;440.776
10;22;1205.652
10;23;1731.62
10;25;2361.3
10;28;6346.804
10;30;8330.296
10;163;1
10;344;1
11;10;603.752
11;12;1138.98
11;13;1413.076
11;14;1464.932
11;165;1
11;346;1
12;11;1138.98
12;13;509.3
12;55;5148.56
12;169;1
12;350;1
13;11;1413.076
13;12;509.3
13;14;435.22
13;170;1
13;351;1
14;10;1781.624
14;11;1464.932
14;13;435.22
14;17;2550.204
14;20;3652.144
14;28;6796.84
14;30;8784.036
14;34;10645.296
14;37;10824.94
14;42;5561.556
14;43;6189.384
14;51;6891.292
14;55;5518.96
14;64;6704.24
14;66;6656.088
14;78;9271.112
14;80;7759.88
14;128;9641.512
14;142;12573.228
14;171;1
14;352;1
14;609;1
15;1;4561.476
15;4;3879.94
15;33;9550.764
15;35;10986.064
16;1;2494.644
16;2;233.352
16;176;1
16;357;1
17;14;2550.204
17;40;4265.156
17;42;5078.184
17;80;7117.236
17;182;1
17;363;1
18;7;1296.4
18;10;1629.76
18;20;2057.572
18;366;1
19;6;3783.636
19;20;1574.2
19;33;3190.996
19;35;5859.728
19;367;1
20;4;6083.82
20;7;2829.856
20;10;2222.4
20;14;3652.144
20;18;2057.572
20;19;1574.2
20;21;1833.48
20;25;1544.568
20;28;5876.396
20;30;7863.592
20;33;2553.908
20;37;9897.088
20;42;8252.512
20;43;8815.52
20;49;9287.78
20;51;8963.68
20;54;8271.032
20;55;7695.06
20;60;9667.44
20;62;8900.712
20;63;8891.452
20;64;9360.008
20;65;9526.688
20;66;9526.688
20;73;10752.712
20;78;11343.5
20;128;11713.9
20;133;8130.28
20;142;11899.1
20;150;6832.028
20;368;1
21;7;1505.676
21;10;440.776
21;20;1833.48
22;10;1205.652
22;369;1
23;10;1731.62
23;24;992.672
23;25;926
23;370;1
24;23;992.672
24;25;972.3
24;184;1
24;372;1
25;10;2361.3
25;20;1544.568
25;23;926
25;24;972.3
25;26;1231.58
25;27;2790.964
25;374;1
26;25;1231.58
26;27;1672.356
26;375;1
27;25;2790.964
27;26;1672.356
27;28;2016.828
27;377;1
28;10;6346.804
28;14;6796.84
28;20;5876.396
28;27;2016.828
28;29;722.28
28;30;1996.456
28;31;2342.78
28;37;4031.804
28;143;5298.572
28;378;1
29;28;722.28
29;30;1387.148
29;32;2978.016
29;379;1
30;10;8330.296
30;14;8784.036
30;20;7863.592
30;28;1996.456
30;29;1387.148
30;31;388.92
30;32;1672.356
30;34;1935.34
30;37;2114.984
30;38;4444.8
30;42;9528.54
30;55;7824.7
30;142;6059.744
30;143;6217.164
30;150;5113.372
30;186;1
30;382;1
30;612;1
31;28;2342.78
31;30;388.92
31;32;1403.816
31;37;1848.296
31;142;6307.912
31;187;1
31;383;1
32;29;2978.016
32;30;1672.356
32;31;1403.816
32;34;892.664
32;37;1072.308
32;384;1
33;4;7385.776
33;15;9550.764
33;19;3190.996
33;20;2553.908
33;35;2766.888
33;109;13160.312
33;386;1
34;14;10645.296
34;30;1935.34
34;32;892.664
34;37;238.908
34;38;2883.564
34;389;1
35;15;10986.064
35;19;5859.728
35;33;2766.888
35;36;2264.996
35;109;11689.824
35;391;1
36;35;2264.996
36;38;450.036
36;392;1
37;14;10824.94
37;20;9897.088
37;28;4031.804
37;30;2114.984
37;31;1848.296
37;32;1072.308
37;34;238.908
37;38;3063.208
37;39;2057.572
37;142;6885.736
37;143;7808.032
37;188;1
37;393;1
37;614;1
38;30;4444.8
38;34;2883.564
38;36;450.036
38;37;3063.208
38;39;926
38;396;1
39;37;2057.572
39;38;926
39;43;12930.664
40;17;4265.156
40;42;1490.86
40;45;1731.62
40;47;1581.608
40;65;2331.668
40;67;1616.796
40;615;1
41;47;348.176
41;397;1
42;14;5561.556
42;17;5078.184
42;20;8252.512
42;30;9528.54
42;40;1490.86
42;47;201.868
42;66;1570.496
42;398;1
43;14;6189.384
43;20;8815.52
43;39;12930.664
43;54;1351.96
43;56;1653.836
43;62;362.992
43;63;346.324
43;64;792.656
43;65;1305.66
43;66;1233.432
43;128;6148.64
43;142;11337.944
43;191;1
43;399;1
43;616;1
44;48;40.744
44;194;1
44;402;1
45;40;1731.62
45;63;538.932
45;64;779.692
45;65;1096.384
45;66;970.448
45;67;740.8
45;68;1877.928
45;195;1
45;403;1
46;64;903.776
46;67;718.576
46;196;1
46;404;1
47;40;1581.608
47;41;348.176
47;42;201.868
47;63;1474.192
47;64;1707.544
47;66;1659.392
47;197;1
47;405;1
48;44;40.744
48;66;1174.168
48;68;2040.904
48;72;1751.992
48;198;1
48;406;1
49;20;9287.78
49;51;342.62
49;53;1187.132
49;57;651.904
49;58;914.888
49;60;624.124
49;73;1972.38
49;78;2552.056
49;128;2961.348
49;129;2602.06
49;130;1374.184
49;131;874.144
49;132;759.32
49;202;1
49;410;1
50;52;588.936
50;57;725.984
50;59;953.78
50;128;3070.616
50;131;985.264
50;132;748.208
50;203;1
50;411;1
51;14;6891.292
51;20;8963.68
51;49;342.62
51;52;303.728
51;53;863.032
51;57;685.24
51;58;1048.232
51;60;837.104
51;73;2140.912
51;78;2720.588
51;84;3098.396
51;128;3102.1
51;129;2727.996
51;130;1405.668
51;131;905.628
51;132;516.708
51;133;1214.912
51;205;1
51;413;1
51;618;1
52;50;588.936
52;51;303.728
52;57;842.66
52;58;1205.652
52;59;1314.92
52;74;2679.844
52;128;3252.112
52;132;418.552
52;134;1063.048
52;206;1
52;414;1
53;49;1187.132
53;51;863.032
53;55;670.424
53;131;1377.888
53;132;672.276
53;133;377.808
53;134;463
53;207;1
53;415;1
54;20;8271.032
54;43;1351.96
54;55;1085.272
54;56;803.768
54;133;1629.76
54;134;1640.872
54;150;3855.864
54;210;1
54;418;1
55;12;5148.56
55;14;5518.96
55;20;7695.06
55;30;7824.7
55;53;670.424
55;54;1085.272
55;56;331.508
55;73;3296.56
55;128;4257.748
55;131;2024.236
55;132;1316.772
55;133;596.344
55;134;607.456
55;211;1
55;419;1
56;43;1653.836
56;54;803.768
56;55;331.508
56;132;1600.128
56;133;875.996
56;134;887.108
56;212;1
56;420;1
57;49;651.904
57;50;725.984
57;51;685.24
57;52;842.66
57;58;400.032
57;59;487.076
57;60;412.996
57;130;792.656
57;131;301.876
57;132;603.752
58;49;914.888
58;51;1048.232
58;52;1205.652
58;57;400.032
58;59;309.284
58;60;411.144
58;61;1403.816
58;73;1116.756
58;79;1555.68
58;129;1746.436
58;130;687.092
58;131;340.768
58;132;931.556
59;50;953.78
59;52;1314.92
59;57;487.076
59;58;309.284
59;73;1224.172
59;74;1613.092
59;78;1803.848
59;79;1666.8
59;84;2202.028
59;128;2213.14
59;129;1853.852
59;130;929.704
59;131;572.268
59;132;1072.308
59;134;2159.432
59;213;1
59;421;1
60;20;9667.44
60;49;624.124
60;51;837.104
60;57;412.996
60;58;411.144
60;61;1692.728
60;62;4187.372
60;73;1405.668
60;74;1794.588
60;78;1985.344
60;84;2383.524
60;128;2394.636
60;129;2035.348
60;130;976.004
60;131;548.192
60;132;996.376
60;133;1918.672
60;134;2003.864
60;214;1
60;422;1
60;620;1
61;58;1403.816
61;60;1692.728
61;73;1583.46
61;84;2561.316
61;128;2589.096
61;129;2235.364
61;130;1726.064
61;216;1
61;424;1
62;20;8900.712
62;43;362.992
62;60;4187.372
62;64;750.06
62;65;1303.808
62;66;1216.764
62;67;1176.02
62;68;2085.352
62;72;1796.44
62;78;5863.432
62;80;3189.144
62;81;2583.54
62;128;6233.832
62;134;2576.132
62;142;11423.136
62;143;9226.664
62;144;8426.6
62;146;7733.952
62;149;5593.04
62;150;4791.124
62;222;1
62;430;1
63;20;8891.452
63;43;346.324
63;45;538.932
63;47;1474.192
63;64;564.86
63;65;1126.016
63;66;1027.86
63;67;992.672
63;68;1907.56
63;72;1618.648
63;80;3013.204
63;128;6224.572
63;133;2555.76
63;148;6907.96
63;223;1
63;431;1
64;14;6704.24
64;20;9360.008
64;43;792.656
64;45;779.692
64;46;903.776
64;47;1707.544
64;62;750.06
64;63;564.86
64;66;824.14
64;67;901.924
64;68;1087.124
64;69;1335.292
64;72;803.768
64;80;2900.232
64;228;1
64;436;1
65;20;9526.688
65;40;2331.668
65;43;1305.66
65;45;1096.384
65;62;1303.808
65;63;1126.016
65;66;503.744
65;67;846.364
65;68;790.804
65;69;1027.86
65;70;987.116
65;71;885.256
65;72;507.448
65;80;2833.56
65;81;1294.548
65;230;1
65;438;1
66;14;6656.088
66;20;9526.688
66;42;1570.496
66;43;1233.432
66;45;970.448
66;47;1659.392
66;48;1174.168
66;62;1216.764
66;63;1027.86
66;64;824.14
66;65;503.744
66;68;1285.288
66;69;1516.788
66;70;1483.452
66;71;1377.888
66;72;996.376
66;80;2685.4
66;81;1787.18
66;231;1
66;439;1
67;40;1616.796
67;45;740.8
67;46;718.576
67;62;1176.02
67;63;992.672
67;64;901.924
67;65;846.364
67;68;1627.908
67;80;2052.016
67;232;1
67;440;1
68;45;1877.928
68;48;2040.904
68;62;2085.352
68;63;1907.56
68;64;1087.124
68;65;790.804
68;66;1285.288
68;67;1627.908
68;69;438.924
68;70;401.884
68;71;492.632
68;72;638.94
68;80;3615.104
68;81;713.02
68;233;1
68;441;1
69;64;1335.292
69;65;1027.86
69;66;1516.788
69;68;438.924
69;70;88.896
69;71;585.232
69;72;781.544
69;81;316.692
69;234;1
69;442;1
70;65;987.116
70;66;1483.452
70;68;401.884
70;69;88.896
70;72;751.912
70;81;346.324
70;235;1
70;443;1
71;65;885.256
71;66;1377.888
71;68;492.632
71;69;585.232
71;72;614.864
71;81;846.364
71;236;1
71;444;1
72;48;1751.992
72;62;1796.44
72;63;1618.648
72;64;803.768
72;65;507.448
72;66;996.376
72;68;638.94
72;69;781.544
72;70;751.912
72;71;614.864
72;81;1046.38
72;239;1
72;447;1
73;20;10752.712
73;49;1972.38
73;51;2140.912
73;55;3296.56
73;58;1116.756
73;59;1224.172
73;60;1405.668
73;61;1583.46
73;74;466.704
73;78;651.904
73;79;631.532
73;84;1190.836
73;128;1259.36
73;129;948.224
73;130;1176.02
73;131;1350.108
73;132;1983.492
73;133;3003.944
73;251;1
73;459;1
74;52;2679.844
74;59;1613.092
74;60;1794.588
74;73;466.704
74;78;616.716
74;79;863.032
74;84;1427.892
74;252;1
74;460;1
75;76;470.408
75;77;451.888
75;78;275.948
75;82;1070.456
75;254;1
75;462;1
76;75;470.408
76;77;292.616
76;78;553.748
76;82;646.348
76;256;1
76;464;1
77;75;451.888
77;76;292.616
77;78;633.384
77;82;922.296
77;257;1
77;465;1
78;14;9271.112
78;20;11343.5
78;49;2552.056
78;51;2720.588
78;59;1803.848
78;60;1985.344
78;62;5863.432
78;73;651.904
78;74;616.716
78;75;275.948
78;76;553.748
78;77;633.384
78;79;935.26
78;82;1131.572
78;84;1500.12
78;128;1616.796
78;129;1337.144
78;130;1755.696
78;131;1929.784
78;132;2563.168
78;133;3594.732
78;261;1
78;469;1
78;624;1
79;58;1555.68
79;59;1666.8
79;73;631.532
79;74;863.032
79;78;935.26
79;84;653.756
79;128;737.096
79;129;663.016
79;263;1
79;471;1
80;14;7759.88
80;17;7117.236
80;62;3189.144
80;63;3013.204
80;64;2900.232
80;65;2833.56
80;66;2685.4
80;67;2052.016
80;68;3615.104
80;264;1
80;472;1
81;62;2583.54
81;65;1294.548
81;66;1787.18
81;68;713.02
81;69;316.692
81;70;346.324
81;71;846.364
81;72;1046.38
81;265;1
81;473;1
81;625;1
82;75;1070.456
82;76;646.348
82;77;922.296
82;78;1131.572
82;269;1
82;477;1
83;105;3535.468
83;118;1090.828
83;122;740.8
83;123;2261.292
83;124;942.668
83;125;1853.852
83;126;1835.332
83;276;1
84;51;3098.396
84;59;2202.028
84;60;2383.524
84;61;2561.316
84;73;1190.836
84;74;1427.892
84;78;1500.12
84;79;653.756
84;128;583.38
84;129;629.68
84;130;2070.536
84;480;1
85;88;842.66
85;484;1
86;87;1298.252
86;89;3516.948
86;91;4357.756
86;95;5163.376
86;128;1177.872
86;135;1266.768
86;485;1
87;86;1298.252
87;88;2870.6
87;89;2227.956
87;128;2420.564
87;135;242.612
87;136;2048.312
87;137;2966.904
87;488;1
88;85;842.66
88;87;2870.6
88;90;1392.704
88;91;2170.544
88;95;3581.768
88;96;5935.66
88;97;5856.024
88;101;6080.116
88;103;6857.956
88;114;9215.552
88;120;11730.568
88;124;10987.916
88;126;10495.284
88;127;9056.28
88;128;5370.8
88;135;3102.1
88;136;3642.884
88;137;4561.476
88;141;8139.54
88;489;1
88;629;1
89;86;3516.948
89;87;2227.956
89;90;864.884
89;91;1579.756
89;490;1
90;88;1392.704
90;89;864.884
90;91;927.852
90;92;1924.228
90;95;2483.532
90;103;5852.32
90;128;5133.744
90;135;2950.236
90;281;1
90;502;1
91;86;4357.756
91;88;2170.544
91;89;1579.756
91;90;927.852
91;92;1083.42
91;95;1646.428
91;97;3920.684
91;101;4144.776
91;103;5015.216
91;114;7374.664
91;128;5480.068
91;135;3296.56
91;136;3546.58
91;137;4444.8
91;285;1
91;507;1
92;90;1924.228
92;91;1083.42
92;95;568.564
92;101;3066.912
92;136;3520.652
92;286;1
92;508;1
93;94;1435.3
93;95;1092.68
93;96;1650.132
93;97;1848.296
93;101;2563.168
93;102;2937.272
93;103;3704
93;111;9222.96
93;114;6276.428
93;126;7080.196
93;127;5641.192
93;128;7315.4
93;137;5643.044
93;141;8196.952
93;288;1
93;510;1
94;93;1435.3
94;96;679.684
94;97;1442.708
94;101;2674.288
94;103;3963.28
94;114;6822.768
94;137;6854.252
94;289;1
94;511;1
94;630;1
95;86;5163.376
95;88;3581.768
95;90;2483.532
95;91;1646.428
95;92;568.564
95;93;1092.68
95;101;2537.24
95;103;3407.68
96;88;5935.66
96;93;1650.132
96;94;679.684
96;97;1111.2
96;101;2427.972
96;103;3716.964
96;292;1
96;514;1
97;88;5856.024
97;91;3920.684
97;93;1848.296
97;94;1442.708
97;96;1111.2
97;101;1687.172
97;102;2068.684
97;103;2976.164
97;518;1
98;100;1261.212
98;102;1539.012
98;103;2390.932
98;104;2037.2
98;105;2713.18
98;106;3531.764
98;108;4837.424
98;109;8432.156
98;117;10628.628
98;120;5539.332
98;123;3479.908
98;126;4168.852
98;127;2757.628
98;519;1
98;632;1
99;102;2448.344
99;104;2407.6
99;105;1763.104
99;123;2003.864
99;127;1179.724
99;522;1
100;98;1261.212
100;101;1585.312
100;102;1196.392
100;103;1911.264
100;104;1185.28
100;105;1679.764
100;106;2900.232
100;107;5822.688
100;108;4309.604
100;114;5078.184
100;120;4500.36
100;123;2429.824
100;124;3713.26
100;523;1
101;88;6080.116
101;91;4144.776
101;92;3066.912
101;93;2563.168
101;94;2674.288
101;95;2537.24
101;96;2427.972
101;97;1687.172
101;100;1585.312
101;103;1296.4
101;105;2872.452
101;107;5648.6
101;108;3874.384
101;114;4424.428
101;128;8759.96
101;135;6554.228
101;137;6313.468
101;140;8648.84
101;142;10026.728
101;525;1
101;633;1
102;93;2937.272
102;97;2068.684
102;98;1539.012
102;99;2448.344
102;100;1196.392
102;103;972.3
102;104;1296.4
102;105;2483.532
102;107;5259.68
102;108;3494.724
102;114;4111.44
102;117;9371.12
102;120;5378.208
102;127;2703.92
102;128;9124.804
102;526;1
102;634;1
103;88;6857.956
103;90;5852.32
103;91;5015.216
103;93;3704
103;94;3963.28
103;95;3407.68
103;96;3716.964
103;97;2976.164
103;98;2390.932
103;100;1911.264
103;101;1296.4
103;102;972.3
103;106;2796.52
103;107;4602.22
103;108;2837.264
103;113;5643.044
103;114;3265.076
103;128;9606.324
103;137;7467.264
103;141;8854.412
104;98;2037.2
104;99;2407.6
104;100;1185.28
104;102;1296.4
104;105;1296.4
105;4;11524.996
105;83;3535.468
105;98;2713.18
105;99;1763.104
105;100;1679.764
105;101;2872.452
105;102;2483.532
105;104;1296.4
105;118;2568.724
105;123;1348.256
105;635;1
106;98;3531.764
106;100;2900.232
106;103;2796.52
106;107;3713.26
106;108;2296.48
107;100;5822.688
107;101;5648.6
107;102;5259.68
107;103;4602.22
107;106;3713.26
107;108;2183.508
107;109;2570.576
107;116;4518.88
108;98;4837.424
108;100;4309.604
108;101;3874.384
108;102;3494.724
108;103;2837.264
108;106;2296.48
108;107;2183.508
108;114;5637.488
108;116;6565.34
108;295;1
108;527;1
109;33;13160.312
109;35;11689.824
109;98;8432.156
109;107;2570.576
109;117;2515.016
109;296;1
109;528;1
110;116;2289.072
110;297;1
110;529;1
110;636;1
111;1;12991.78
111;4;12901.032
111;93;9222.96
111;112;870.44
111;114;3113.212
111;115;2492.792
111;299;1
111;531;1
112;111;870.44
113;103;5643.044
113;114;2487.236
113;300;1
113;532;1
114;88;9215.552
114;91;7374.664
114;93;6276.428
114;94;6822.768
114;100;5078.184
114;101;4424.428
114;102;4111.44
114;103;3265.076
114;108;5637.488
114;111;3113.212
114;113;2487.236
114;128;11508.328
114;137;8452.528
114;140;7854.332
114;142;8732.18
114;301;1
114;534;1
114;637;1
115;111;2492.792
115;116;640.792
116;107;4518.88
116;108;6565.34
116;110;2289.072
116;115;640.792
116;302;1
116;535;1
117;98;10628.628
117;102;9371.12
117;109;2515.016
117;303;1
117;536;1
118;83;1090.828
118;105;2568.724
118;120;1127.868
118;123;1296.4
118;124;214.832
118;125;1000.08
118;126;944.52
118;537;1
119;123;1705.692
119;125;1509.38
119;304;1
119;538;1
120;1;6172.716
120;4;8443.268
120;88;11730.568
120;98;5539.332
120;100;4500.36
120;102;5378.208
120;118;1127.868
120;122;1111.2
120;123;2122.392
120;126;1940.896
120;127;2955.792
120;305;1
120;539;1
120;638;1
121;122;555.6
121;306;1
121;540;1
122;83;740.8
122;120;1111.2
122;121;555.6
122;124;1389
123;83;2261.292
123;98;3479.908
123;99;2003.864
123;100;2429.824
123;105;1348.256
123;118;1296.4
123;119;1705.692
123;120;2122.392
123;124;1326.032
124;83;942.668
124;88;10987.916
124;100;3713.26
124;118;214.832
124;122;1389
124;123;1326.032
124;126;911.184
124;307;1
124;541;1
125;83;1853.852
125;118;1000.08
125;119;1509.38
125;126;738.948
125;312;1
125;546;1
126;1;7728.396
126;4;9997.096
126;83;1835.332
126;88;10495.284
126;93;7080.196
126;98;4168.852
126;118;944.52
126;120;1940.896
126;124;911.184
126;125;738.948
126;127;1564.94
126;128;13267.728
126;137;11523.144
126;313;1
126;547;1
126;641;1
127;4;11193.488
127;88;9056.28
127;93;5641.192
127;98;2757.628
127;99;1179.724
127;102;2703.92
127;120;2955.792
127;126;1564.94
127;315;1
127;549;1
128;14;9641.512
128;20;11713.9
128;43;6148.64
128;49;2961.348
128;50;3070.616
128;51;3102.1
128;52;3252.112
128;55;4257.748
128;59;2213.14
128;60;2394.636
128;61;2589.096
128;62;6233.832
128;63;6224.572
128;73;1259.36
128;78;1616.796
128;79;737.096
128;84;583.38
128;86;1177.872
128;87;2420.564
128;88;5370.8
128;90;5133.744
128;91;5480.068
128;93;7315.4
128;101;8759.96
128;102;9124.804
128;103;9606.324
128;114;11508.328
128;126;13267.728
128;129;450.036
128;130;1989.048
128;131;2309.444
128;132;2944.68
128;134;4050.324
128;135;2389.08
128;136;4455.912
128;137;5374.504
128;553;1
129;49;2602.06
129;51;2727.996
129;58;1746.436
129;59;1853.852
129;60;2035.348
129;61;2235.364
129;73;948.224
129;78;1337.144
129;79;663.016
129;84;629.68
129;128;450.036
129;130;1592.72
129;131;1935.34
129;320;1
129;555;1
130;49;1374.184
130;51;1405.668
130;57;792.656
130;58;687.092
130;59;929.704
130;60;976.004
130;61;1726.064
130;73;1176.02
130;78;1755.696
130;84;2070.536
130;128;1989.048
130;129;1592.72
130;131;594.492
130;132;1227.876
130;133;2250.18
130;556;1
131;49;874.144
131;50;985.264
131;51;905.628
131;53;1377.888
131;55;2024.236
131;57;301.876
131;58;340.768
131;59;572.268
131;60;548.192
131;73;1350.108
131;78;1929.784
131;128;2309.444
131;129;1935.34
131;130;594.492
131;132;711.168
131;133;1731.62
131;134;1816.812
131;557;1
132;49;759.32
132;50;748.208
132;51;516.708
132;52;418.552
132;53;672.276
132;55;1316.772
132;56;1600.128
132;57;603.752
132;58;931.556
132;59;1072.308
132;60;996.376
132;73;1983.492
132;78;2563.168
132;128;2944.68
132;130;1227.876
132;131;711.168
132;133;1024.156
132;134;1109.348
132;558;1
133;20;8130.28
133;51;1214.912
133;53;377.808
133;54;1629.76
133;55;596.344
133;56;875.996
133;60;1918.672
133;63;2555.76
133;73;3003.944
133;78;3594.732
133;130;2250.18
133;131;1731.62
133;132;1024.156
133;134;127.788
133;149;3374.344
133;150;2572.428
133;559;1
134;52;1063.048
134;53;463
134;54;1640.872
134;55;607.456
134;56;887.108
134;59;2159.432
134;60;2003.864
134;62;2576.132
134;128;4050.324
134;131;1816.812
134;132;1109.348
134;133;127.788
134;142;9098.876
134;143;6902.404
134;146;5398.58
134;560;1
135;86;1266.768
135;87;242.612
135;88;3102.1
135;90;2950.236
135;91;3296.56
135;101;6554.228
135;128;2389.08
135;136;2250.18
135;137;3168.772
135;565;1
136;87;2048.312
136;88;3642.884
136;91;3546.58
136;92;3520.652
136;128;4455.912
136;135;2250.18
136;137;929.704
136;567;1
137;87;2966.904
137;88;4561.476
137;91;4444.8
137;93;5643.044
137;94;6854.252
137;101;6313.468
137;103;7467.264
137;114;8452.528
137;126;11523.144
137;128;5374.504
137;135;3168.772
137;136;929.704
137;139;2779.852
137;140;3183.588
137;322;1
137;571;1
138;140;1448.264
138;577;1
139;137;2779.852
139;578;1
140;101;8648.84
140;114;7854.332
140;137;3183.588
140;138;1448.264
140;141;724.132
140;325;1
140;579;1
141;88;8139.54
141;93;8196.952
141;103;8854.412
141;140;724.132
141;142;781.544
141;328;1
141;582;1
142;14;12573.228
142;20;11899.1
142;30;6059.744
142;31;6307.912
142;37;6885.736
142;43;11337.944
142;62;11423.136
142;101;10026.728
142;114;8732.18
142;134;9098.876
142;141;781.544
142;143;2963.2
142;329;1
142;583;1
142;644;1
143;28;5298.572
143;30;6217.164
143;37;7808.032
143;62;9226.664
143;134;6902.404
143;142;2963.2
143;146;2016.828
143;148;2490.94
143;587;1
144;62;8426.6
144;145;438.924
144;146;950.076
144;148;1574.2
144;591;1
145;144;438.924
145;146;813.028
145;148;1537.16
145;595;1
146;62;7733.952
146;134;5398.58
146;143;2016.828
146;144;950.076
146;145;813.028
146;148;846.364
146;596;1
146;645;1
147;148;479.668
147;599;1
148;63;6907.96
148;143;2490.94
148;144;1574.2
148;145;1537.16
148;146;846.364
148;147;479.668
148;149;1414.928
148;150;2159.432
148;601;1
149;62;5593.04
149;133;3374.344
149;148;1414.928
149;150;833.4
149;603;1
150;20;6832.028
150;30;5113.372
150;54;3855.864
150;62;4791.124
150;133;2572.428
150;148;2159.432
150;149;833.4
150;604;1
151;2;1
151;152;281.2
151;176;248.5
151;332;1
152;3;1
152;151;281.2
152;153;1146.4
152;175;2185.6
152;333;1
153;4;1
153;152;1146.4
153;154;786.4
153;156;989.4
153;175;2167.8
153;334;1
154;5;1
154;153;786.4
154;155;219.6
154;156;535.1
154;335;1
155;6;1
155;154;219.6
155;157;817.2
155;336;1
156;153;989.4
156;154;535.1
156;157;814.1
156;337;1
157;155;817.2
157;156;814.1
157;158;1675.3
157;338;1
158;157;1675.3
158;159;446.6
158;160;424.4
158;166;1380.5
158;167;1187.9
158;174;817.6
158;175;1235.3
158;339;1
158;607;1
159;158;446.6
159;160;353.8
159;340;1
160;7;1
160;158;424.4
160;159;353.8
160;161;572.7
160;341;1
161;8;1
161;160;572.7
161;165;966.6
161;166;786
161;342;1
162;9;1
162;163;415.8
162;164;150.6
162;343;1
163;10;1
163;162;415.8
163;164;399.5
163;344;1
164;162;150.6
164;163;399.5
164;165;230.9
164;345;1
165;11;1
165;161;966.6
165;164;230.9
165;166;543.8
165;168;646.9
165;346;1
166;158;1380.5
166;161;786
166;165;543.8
166;167;450.6
166;168;419.2
166;347;1
166;608;1
167;158;1187.9
167;166;450.6
167;169;1237.6
167;172;886.3
167;173;712
167;174;957.8
167;348;1
168;165;646.9
168;166;419.2
168;169;605.3
168;349;1
169;12;1
169;167;1237.6
169;168;605.3
169;170;215.7
169;172;932.2
169;350;1
170;13;1
170;169;215.7
170;171;130.2
170;351;1
171;14;1
171;170;130.2
171;181;627
171;352;1
171;609;1
172;167;886.3
172;169;932.2
172;173;443.2
172;179;372.6
172;353;1
173;167;712
173;172;443.2
173;174;693.7
173;178;1341
173;354;1
174;158;817.6
174;167;957.8
174;173;693.7
174;175;1026.5
174;355;1
175;152;2185.6
175;153;2167.8
175;158;1235.3
175;174;1026.5
175;356;1
176;16;1
176;151;248.5
176;177;1038.9
176;357;1
177;176;1038.9
177;178;1333.9
177;358;1
178;173;1341
178;177;1333.9
178;181;2427.7
178;359;1
179;172;372.6
179;180;395.8
179;360;1
179;610;1
180;179;395.8
180;181;183.4
180;361;1
181;171;627
181;178;2427.7
181;180;183.4
181;182;267.4
181;362;1
182;17;1
182;181;267.4
182;363;1
183;184;927
183;371;1
184;24;1
184;183;927
184;372;1
185;186;606.1
185;381;1
186;30;1
186;185;606.1
186;187;489.4
186;382;1
186;612;1
187;31;1
187;186;489.4
187;383;1
188;37;1
188;189;309.5
188;393;1
188;614;1
189;188;309.5
189;190;400.8
189;394;1
190;189;400.8
190;395;1
191;43;1
191;192;181
191;194;113.1
191;195;445.6
191;399;1
191;616;1
192;191;181
192;193;132.1
192;195;321.5
192;400;1
193;192;132.1
193;197;361.2
193;401;1
194;44;1
194;191;113.1
194;198;54.2
194;402;1
195;45;1
195;191;445.6
195;192;321.5
195;196;200.1
195;403;1
196;46;1
196;195;200.1
196;197;75
196;404;1
197;47;1
197;193;361.2
197;196;75
197;405;1
198;48;1
198;194;54.2
198;199;291.4
198;406;1
199;198;291.4
199;200;385
199;201;2056
199;221;305.9
199;407;1
199;617;1
200;199;385
200;204;628.6
200;408;1
201;199;2056
201;202;316.4
201;203;305.4
201;204;546.2
201;217;161.1
201;409;1
202;49;1
202;201;316.4
202;203;175.8
202;215;535.4
202;410;1
203;50;1
203;201;305.4
203;202;175.8
203;204;247.2
203;411;1
204;200;628.6
204;201;546.2
204;203;247.2
204;205;400.1
204;209;931.7
204;210;637
204;412;1
205;51;1
205;204;400.1
205;206;352.5
205;209;612.5
205;413;1
205;618;1
206;52;1
206;205;352.5
206;207;791.2
206;209;390.9
206;414;1
207;53;1
207;206;791.2
207;208;223
207;415;1
208;207;223
208;209;469.6
208;211;580.5
208;416;1
209;204;931.7
209;205;612.5
209;206;390.9
209;208;469.6
209;210;501
209;211;727.1
209;417;1
209;619;1
210;54;1
210;204;637
210;209;501
210;212;861.5
210;418;1
211;55;1
211;208;580.5
211;209;727.1
211;212;336
211;419;1
212;56;1
212;210;861.5
212;211;336
212;420;1
213;59;1
213;214;213.1
213;421;1
214;60;1
214;213;213.1
214;215;564.1
214;216;509.1
214;422;1
214;620;1
215;202;535.4
215;214;564.1
215;216;265.4
215;218;267.7
215;423;1
216;61;1
216;214;509.1
216;215;265.4
216;243;414.6
216;244;277.6
216;424;1
217;201;161.1
217;218;161
217;425;1
218;215;267.7
218;217;161
218;219;117.1
218;426;1
219;218;117.1
219;226;325.9
219;227;395.2
219;427;1
220;221;233
220;225;340.7
220;227;283.2
220;428;1
221;199;305.9
221;220;233
221;222;60.3
221;223;140.7
221;225;281.9
221;429;1
222;62;1
222;221;60.3
222;430;1
223;63;1
223;221;140.7
223;224;85.5
223;431;1
224;223;85.5
224;225;231.9
224;228;464.2
224;432;1
224;621;1
225;220;340.7
225;221;281.9
225;224;231.9
225;227;256.2
225;228;323.7
225;229;496.2
225;433;1
226;219;325.9
226;227;396.4
226;241;410.6
226;243;148.5
226;434;1
227;219;395.2
227;220;283.2
227;225;256.2
227;226;396.4
227;228;499.4
227;229;543.9
227;435;1
228;64;1
228;224;464.2
228;225;323.7
228;227;499.4
228;229;287.3
228;230;505.6
228;436;1
229;225;496.2
229;227;543.9
229;228;287.3
229;238;567.8
229;239;466.9
229;241;388.1
229;437;1
229;622;1
230;65;1
230;228;505.6
230;231;661.8
230;233;638.1
230;438;1
231;66;1
231;230;661.8
231;232;460.4
231;233;567.5
231;439;1
232;67;1
232;231;460.4
232;440;1
233;68;1
233;230;638.1
233;231;567.5
233;441;1
234;69;1
234;265;439.5
234;442;1
235;70;1
235;236;443.9
235;265;372
235;443;1
236;71;1
236;235;443.9
236;237;349.4
236;444;1
237;236;349.4
237;238;484.8
237;240;196.1
237;445;1
238;229;567.8
238;237;484.8
238;239;330.6
238;240;552.1
238;241;657.7
238;247;758.4
238;258;436.7
238;446;1
239;72;1
239;229;466.9
239;238;330.6
239;447;1
240;237;196.1
240;238;552.1
240;258;800
240;259;1043.3
240;266;768.2
240;448;1
241;226;410.6
241;229;388.1
241;238;657.7
241;242;348.3
241;449;1
242;241;348.3
242;243;308.1
242;244;428.8
242;245;363.5
242;248;67.2
242;450;1
243;216;414.6
243;226;148.5
243;242;308.1
243;244;280.9
243;451;1
244;216;277.6
244;242;428.8
244;243;280.9
244;245;141.3
244;452;1
245;242;363.5
245;244;141.3
245;246;465
245;247;353.8
245;453;1
246;245;465
246;249;442
246;250;1002.8
246;454;1
247;238;758.4
247;245;353.8
247;248;195.2
247;249;433.1
247;258;571
247;455;1
248;242;67.2
248;247;195.2
248;456;1
249;246;442
249;247;433.1
249;253;397.9
249;255;662.1
249;457;1
250;246;1002.8
250;252;1035.2
250;458;1
251;73;1
251;252;489
251;459;1
252;74;1
252;250;1035.2
252;251;489
252;253;346.9
252;460;1
253;249;397.9
253;252;346.9
253;254;512.4
253;255;519.3
253;261;615.1
253;461;1
254;75;1
254;253;512.4
254;255;344.2
254;462;1
255;249;662.1
255;253;519.3
255;254;344.2
255;257;622.4
255;463;1
256;76;1
256;257;2234.9
256;269;817.4
256;464;1
257;77;1
257;255;622.4
257;256;2234.9
257;258;743.9
257;259;652.9
257;260;808.7
257;465;1
258;238;436.7
258;240;800
258;247;571
258;257;743.9
258;259;567.3
258;466;1
259;240;1043.3
259;257;652.9
259;258;567.3
259;260;484.5
259;467;1
259;623;1
260;257;808.7
260;259;484.5
260;267;429.2
260;269;936.3
260;468;1
261;78;1
261;253;615.1
261;262;544.6
261;469;1
261;624;1
262;261;544.6
262;263;656.3
262;470;1
263;79;1
263;262;656.3
263;471;1
264;80;1
264;265;1430.9
264;472;1
265;81;1
265;234;439.5
265;235;372
265;264;1430.9
265;266;663.2
265;473;1
265;625;1
266;240;768.2
266;265;663.2
266;267;575.5
266;270;802
266;474;1
266;626;1
267;260;429.2
267;266;575.5
267;268;671.6
267;269;644.6
267;270;1161.9
267;475;1
268;267;671.6
268;269;544.4
268;278;1811.9
268;476;1
269;82;1
269;256;817.4
269;260;936.3
269;267;644.6
269;268;544.4
269;278;1770.8
269;477;1
270;266;802
270;267;1161.9
270;271;864.3
271;270;864.3
271;272;1960.5
271;279;1123.1
272;271;1960.5
272;273;1697.7
272;279;1230.6
273;272;1697.7
273;274;1012.1
273;294;1115.6
274;273;1012.1
274;275;2286.9
274;276;2076.3
274;294;1195.5
275;274;2286.9
275;276;3217.4
276;83;1
276;274;2076.3
276;275;3217.4
276;310;1163.8
276;311;1839.3
277;278;542.2
277;493;1
278;268;1811.9
278;269;1770.8
278;277;542.2
278;494;1
279;271;1123.1
279;272;1230.6
279;280;1303.9
279;495;1
280;279;1303.9
280;496;1
281;90;1
281;282;1217.2
281;284;1009.2
281;502;1
282;281;1217.2
282;283;289.5
282;290;498.1
282;503;1
283;282;289.5
283;504;1
284;281;1009.2
284;285;486.2
284;290;866
284;291;957.3
284;506;1
285;91;1
285;284;486.2
285;286;1304.7
285;287;1106.2
285;291;830.7
285;507;1
286;92;1
286;285;1304.7
286;287;567.5
286;508;1
287;285;1106.2
287;286;567.5
287;288;358.1
287;291;1196.5
287;509;1
288;93;1
288;287;358.1
288;510;1
289;94;1
289;290;1438.7
289;291;1148.3
289;293;406.5
289;511;1
289;630;1
290;282;498.1
290;284;866
290;289;1438.7
290;291;1094.1
290;512;1
290;631;1
291;284;957.3
291;285;830.7
291;287;1196.5
291;289;1148.3
291;290;1094.1
291;513;1
292;96;1
292;293;320.2
292;514;1
293;289;406.5
293;292;320.2
293;515;1
294;273;1115.6
294;274;1195.5
294;516;1
295;108;1
295;296;5198.7
295;301;4182.6
295;527;1
296;109;1
296;295;5198.7
296;297;978.7
296;528;1
297;110;1
297;296;978.7
297;298;320.1
297;529;1
297;636;1
298;297;320.1
298;299;820.6
298;300;1589.1
298;530;1
299;111;1
299;298;820.6
299;300;800.3
299;531;1
300;113;1
300;298;1589.1
300;299;800.3
300;301;2656.1
300;532;1
301;114;1
301;295;4182.6
301;300;2656.1
301;534;1
301;637;1
302;116;1
302;303;672.7
302;535;1
303;117;1
303;302;672.7
303;536;1
304;119;1
304;305;539.7
304;538;1
305;120;1
305;304;539.7
305;306;351.5
305;539;1
305;638;1
306;121;1
306;305;351.5
306;540;1
307;124;1
307;308;117
307;541;1
308;307;117
308;309;286
308;542;1
309;308;286
309;543;1
309;639;1
310;276;1163.8
310;311;1149.4
310;544;1
311;276;1839.3
311;310;1149.4
311;312;765
311;317;1737.8
311;545;1
311;640;1
312;125;1
312;311;765
312;314;1020.8
312;546;1
313;126;1
313;314;796.2
313;547;1
313;641;1
314;312;1020.8
314;313;796.2
314;315;1132.8
314;317;843.8
314;548;1
315;127;1
315;314;1132.8
315;316;1442.5
315;317;1370
315;549;1
316;315;1442.5
316;318;890.3
316;550;1
317;311;1737.8
317;314;843.8
317;315;1370
317;318;302
317;551;1
318;316;890.3
318;317;302
318;552;1
319;320;208.1
319;554;1
320;129;1
320;319;208.1
320;555;1
321;322;530.6
321;323;865.5
321;570;1
322;137;1
322;321;530.6
322;323;598.4
322;571;1
323;321;865.5
323;322;598.4
323;572;1
324;326;1288.1
324;575;1
325;140;1
325;327;722.4
325;330;786.8
325;579;1
326;324;1288.1
326;327;80.4
326;331;529.8
326;580;1
327;325;722.4
327;326;80.4
327;330;407.2
327;581;1
327;643;1
328;141;1
328;329;1067.3
328;330;704.8
328;582;1
329;142;1
329;328;1067.3
329;330;1183
329;583;1
329;644;1
330;325;786.8
330;327;407.2
330;328;704.8
330;329;1183
330;584;1
331;326;529.8
331;585;1
332;2;1
332;151;1
332;333;280
332;356;2100
332;357;229
333;3;1
333;152;1
333;332;280
333;334;1021
333;337;1561
333;356;1997
334;4;1
334;153;1
334;333;1021
334;335;616
334;337;914
335;5;1
335;154;1
335;334;616
335;336;193
335;337;434
336;6;1
336;155;1
336;335;193
336;337;534
336;338;571
337;156;1
337;333;1561
337;334;914
337;335;434
337;336;534
337;338;485
337;356;1274
338;157;1
338;336;571
338;337;485
338;339;1713
338;340;1578
338;356;1392
338;364;1861
338;365;2354
339;158;1
339;338;1713
339;340;440
339;341;385
339;342;813
339;348;1068
339;355;894
339;356;1282
339;607;1
340;159;1
340;338;1578
340;339;440
340;341;317
340;364;476
341;7;1
341;160;1
341;339;385
341;340;317
341;342;559
342;8;1
342;161;1
342;339;813
342;341;559
342;346;879
342;347;855
343;9;1
343;162;1
343;344;455
343;345;158
344;10;1
344;163;1
344;343;455
344;345;380
345;164;1
345;343;158
345;344;380
345;346;226
346;11;1
346;165;1
346;342;879
346;345;226
346;347;556
346;349;617
347;166;1
347;342;855
347;346;556
347;348;402
347;349;394
347;608;1
348;167;1
348;339;1068
348;347;402
348;349;659
348;350;1072
348;354;759
348;355;893
349;168;1
349;346;617
349;347;394
349;348;659
349;350;642
349;353;1012
350;12;1
350;169;1
350;348;1072
350;349;642
350;351;224
350;352;362
350;353;836
350;360;766
351;13;1
351;170;1
351;350;224
351;352;151
351;353;939
351;360;769
352;14;1
352;171;1
352;350;362
352;351;151
352;353;988
352;360;758
352;361;709
352;362;599
352;609;1
353;172;1
353;349;1012
353;350;836
353;351;939
353;352;988
353;354;455
353;360;372
354;173;1
354;348;759
354;353;455
354;355;821
354;359;1389
355;174;1
355;339;894
355;348;893
355;354;821
355;356;970
355;358;2501
355;359;1317
356;175;1
356;332;2100
356;333;1997
356;337;1274
356;338;1392
356;339;1282
356;355;970
356;358;1752
357;16;1
357;176;1
357;332;229
357;358;971
358;177;1
358;355;2501
358;356;1752
358;357;971
358;359;1333
359;178;1
359;354;1389
359;355;1317
359;358;1333
359;360;1968
359;361;2141
360;179;1
360;350;766
360;351;769
360;352;758
360;353;372
360;359;1968
360;361;450
360;610;1
361;180;1
361;352;709
361;359;2141
361;360;450
361;362;199
362;181;1
362;352;599
362;361;199
362;363;253
363;17;1
363;182;1
363;362;253
364;338;1861
364;340;476
364;365;915
365;338;2354
365;364;915
365;366;1311
365;367;1615
365;611;1
366;18;1
366;365;1311
366;367;1332
367;19;1
367;365;1615
367;366;1332
367;368;1648
368;20;1
368;367;1648
369;22;1
369;370;314
370;23;1
370;369;314
371;183;1
371;372;1002
371;373;416
371;374;1528
371;376;3492
371;385;1105
372;24;1
372;184;1
372;371;1002
372;373;722
372;374;1169
373;371;416
373;372;722
373;385;1117
374;25;1
374;371;1528
374;372;1169
374;375;2129
374;376;2266
375;26;1
375;374;2129
375;376;1401
375;377;2119
376;371;3492
376;374;2266
376;375;1401
376;377;3063
376;380;3232
377;27;1
377;375;2119
377;376;3063
377;378;2033
377;380;1971
378;28;1
378;377;2033
378;379;809
379;29;1
379;378;809
379;380;1646
379;381;1349
380;376;3232
380;377;1971
380;379;1646
380;381;892
380;383;930
381;185;1
381;379;1349
381;380;892
381;382;441
381;383;584
382;30;1
382;186;1
382;381;441
382;383;444
382;612;1
383;31;1
383;187;1
383;380;930
383;381;584
383;382;444
383;384;1144
383;388;1348
384;32;1
384;383;1144
384;388;1087
384;389;807
384;394;1209
385;371;1105
385;373;1117
385;386;1799
386;33;1
386;385;1799
386;387;1518
387;386;1518
387;388;2060
387;390;2427
387;395;2012
388;383;1348
388;384;1087
388;387;2060
388;394;1020
388;395;1178
389;34;1
389;384;807
389;393;242
389;394;624
390;387;2427
390;391;500
390;393;1407
390;395;1044
390;613;1
391;35;1
391;390;500
391;392;2636
391;393;1675
392;36;1
392;391;2636
392;396;423
393;37;1
393;188;1
393;389;242
393;390;1407
393;391;1675
393;394;299
393;614;1
394;189;1
394;384;1209
394;388;1020
394;389;624
394;393;299
394;395;401
395;190;1
395;387;2012
395;388;1178
395;390;1044
395;394;401
396;38;1
396;392;423
397;41;1
397;398;168
398;42;1
398;397;168
399;43;1
399;191;1
399;400;189
399;402;125
399;403;469
399;616;1
400;192;1
400;399;189
400;401;137
400;403;354
401;193;1
401;400;137
401;403;246
401;404;354
402;44;1
402;194;1
402;399;125
403;45;1
403;195;1
403;399;469
403;400;354
403;401;246
403;404;194
404;46;1
404;196;1
404;401;354
404;403;194
404;405;75.6
405;47;1
405;197;1
405;404;75.6
406;48;1
406;198;1
406;407;293
406;429;197
406;430;208
407;199;1
407;406;293
407;408;386
407;409;467
407;411;749
407;425;542
407;428;408
407;429;319
407;617;1
408;200;1
408;407;386
408;409;684
408;412;585
408;418;682
409;201;1
409;407;467
409;408;684
409;410;314
409;411;304
409;412;538
409;425;150
410;49;1
410;202;1
410;409;314
410;411;170
410;422;903
410;423;525
411;50;1
411;203;1
411;407;749
411;409;304
411;410;170
411;412;246
412;204;1
412;408;585
412;409;538
412;411;246
412;413;393
412;417;804
412;418;449
413;51;1
413;205;1
413;412;393
413;414;349
413;417;624
413;618;1
414;52;1
414;206;1
414;413;349
414;415;616
414;417;364
415;53;1
415;207;1
415;414;616
415;416;213
415;417;542
416;208;1
416;415;213
416;417;530
416;419;463
417;209;1
417;412;804
417;413;624
417;414;364
417;415;542
417;416;530
417;418;404
417;419;628
417;420;561
417;619;1
418;54;1
418;210;1
418;408;682
418;412;449
418;417;404
418;420;709
419;55;1
419;211;1
419;416;463
419;417;628
419;420;315
420;56;1
420;212;1
420;417;561
420;418;709
420;419;315
421;59;1
421;213;1
421;422;210
422;60;1
422;214;1
422;410;903
422;421;210
422;423;577
422;424;530
422;620;1
423;215;1
423;410;525
423;422;577
423;424;265
423;425;318
423;426;352
424;61;1
424;216;1
424;422;530
424;423;265
424;427;541
424;451;446
424;452;240
425;217;1
425;407;542
425;409;150
425;423;318
425;426;159
426;218;1
426;423;352
426;425;159
426;427;121
427;219;1
427;424;541
427;426;121
427;428;469
427;434;310
427;435;408
428;220;1
428;407;408
428;427;469
428;429;198
428;432;361
428;433;262
428;435;296
429;221;1
429;406;197
429;407;319
429;428;198
429;430;55.6
429;432;209
429;433;269
430;62;1
430;222;1
430;406;208
430;429;55.6
430;431;113
431;63;1
431;223;1
431;430;113
431;432;78
432;224;1
432;428;361
432;429;209
432;431;78
432;433;249
432;436;474
432;437;657
432;621;1
433;225;1
433;428;262
433;429;269
433;432;249
433;435;225
433;436;352
433;437;494
434;226;1
434;427;310
434;435;392
434;437;585
434;449;381
434;451;144
435;227;1
435;427;408
435;428;296
435;433;225
435;434;392
435;437;552
436;64;1
436;228;1
436;432;474
436;433;352
436;437;296
436;438;342
437;229;1
437;432;657
437;433;494
437;434;585
437;435;552
437;436;296
437;446;574
437;447;511
437;449;349
437;622;1
438;65;1
438;230;1
438;436;342
438;439;608
438;441;655
439;66;1
439;231;1
439;438;608
439;440;464
439;441;522
440;67;1
440;232;1
440;439;464
440;472;2785
441;68;1
441;233;1
441;438;655
441;439;522
441;442;1862
442;69;1
442;234;1
442;441;1862
442;472;1364
442;473;626
443;70;1
443;235;1
443;444;310
443;473;369
444;71;1
444;236;1
444;443;310
444;445;296
444;446;666
444;447;773
444;473;574
445;237;1
445;444;296
445;446;502
445;448;187
445;474;946
446;238;1
446;437;574
446;444;666
446;445;502
446;447;340
446;448;622
446;449;741
446;456;662
446;466;482
447;72;1
447;239;1
447;437;511
447;444;773
447;446;340
448;240;1
448;445;187
448;446;622
448;466;657
448;467;581
448;474;716
449;241;1
449;434;381
449;437;349
449;446;741
449;450;292
449;451;374
450;242;1
450;449;292
450;451;295
450;453;371
450;456;81.1
451;243;1
451;424;446
451;434;144
451;449;374
451;450;295
451;452;287
452;244;1
452;424;240
452;451;287
452;453;145
453;245;1
453;450;371
453;452;145
453;454;404
453;455;348
453;456;373
453;457;396
454;246;1
454;453;404
454;455;538
454;457;285
454;458;403
454;461;580
455;247;1
455;453;348
455;454;538
455;456;201
455;457;379
455;463;835
455;466;577
456;248;1
456;446;662
456;450;81.1
456;453;373
456;455;201
456;466;780
457;249;1
457;453;396
457;454;285
457;455;379
457;461;391
457;463;594
458;250;1
458;454;403
458;459;730
458;460;394
458;461;537
459;73;1
459;251;1
459;458;730
459;460;499
460;74;1
460;252;1
460;458;394
460;459;499
460;461;293
460;462;689
460;469;597
461;253;1
461;454;580
461;457;391
461;458;537
461;460;293
461;462;490
461;463;384
461;469;551
462;75;1
462;254;1
462;460;689
462;461;490
462;463;266
462;465;700
462;469;464
463;255;1
463;455;835
463;457;594
463;461;384
463;462;266
463;465;592
463;466;810
463;467;1035
464;76;1
464;256;1
464;465;500
464;467;1140
464;468;879
464;477;776
465;77;1
465;257;1
465;462;700
465;463;592
465;464;500
465;466;795
465;467;474
465;468;699
466;258;1
466;446;482
466;448;657
466;455;577
466;456;780
466;463;810
466;465;795
466;467;540
467;259;1
467;448;581
467;463;1035
467;464;1140
467;465;474
467;466;540
467;468;479
467;474;867
467;475;712
467;623;1
468;260;1
468;464;879
468;465;699
468;467;479
468;475;339
468;476;791
468;477;557
469;78;1
469;261;1
469;460;597
469;461;551
469;462;464
469;470;448
469;624;1
470;262;1
470;469;448
470;471;482
470;478;752
470;494;1292
471;79;1
471;263;1
471;470;482
471;478;868
472;80;1
472;264;1
472;440;2785
472;442;1364
472;473;1337
473;81;1
473;265;1
473;442;626
473;443;369
473;444;574
473;472;1337
473;474;704
473;625;1
474;266;1
474;445;946
474;448;716
474;467;867
474;473;704
474;475;515
474;626;1
475;267;1
475;467;712
475;468;339
475;474;515
475;476;577
475;477;568
476;268;1
476;468;791
476;475;577
476;477;472
477;82;1
477;269;1
477;464;776
477;468;557
477;475;568
477;476;472
478;470;752
478;471;868
478;479;356
478;480;368
478;482;1027
478;493;1637
478;494;1281
479;478;356
479;480;111
479;481;318
479;482;834
480;84;1
480;478;368
480;479;111
480;481;424
481;479;318
481;480;424
481;482;989
481;553;627
481;627;1
482;478;1027
482;479;834
482;481;989
482;483;533
482;491;874
482;493;1374
483;482;533
483;484;174
483;491;988
483;492;728
484;85;1
484;483;174
484;486;638
484;489;1109
485;86;1
485;486;958
485;487;1069
486;484;638
486;485;958
486;489;903
486;628;1
487;485;1069
487;488;378
488;87;1
488;487;378
489;88;1
489;484;1109
489;486;903
489;490;498
489;629;1
490;89;1
490;489;498
491;482;874
491;483;988
491;492;844
491;493;776
491;500;964
492;483;728
492;491;844
493;277;1
493;478;1637
493;482;1374
493;491;776
493;494;575
494;278;1
494;470;1292
494;478;1281
494;493;575
495;279;1
495;496;1243
495;497;1206
496;280;1
496;495;1243
496;497;237
497;495;1206
497;496;237
497;498;635
497;499;1043
498;497;635
498;499;472
498;500;1328
499;497;1043
499;498;472
499;500;1259
499;501;578
500;491;964
500;498;1328
500;499;1259
500;501;1553
501;499;578
501;500;1553
501;502;1841
501;504;473
502;90;1
502;281;1
502;501;1841
502;503;1211
502;504;1412
502;506;822
502;512;1210
503;282;1
503;502;1211
503;504;389
503;512;463
504;283;1
504;501;473
504;502;1412
504;503;389
505;512;1178
506;284;1
506;502;822
506;507;521
506;512;975
506;513;842
507;91;1
507;285;1
507;506;521
507;508;1431
507;509;985
507;512;1425
507;513;770
508;92;1
508;286;1
508;507;1431
508;509;5447
508;510;690
509;287;1
509;507;985
509;508;5447
509;510;346
509;511;1901
509;513;1092
510;93;1
510;288;1
510;508;690
510;509;346
510;511;1666
511;94;1
511;289;1
511;509;1901
511;510;1666
511;512;1471
511;513;1120
511;515;305
511;630;1
512;290;1
512;502;1210
512;503;463
512;505;1178
512;506;975
512;507;1425
512;511;1471
512;513;1062
512;515;1729
512;631;1
513;291;1
513;506;842
513;507;770
513;509;1092
513;511;1120
513;512;1062
514;96;1
514;292;1
514;515;258
514;517;147
515;293;1
515;511;305
515;512;1729
515;514;258
516;294;1
516;545;1328
517;514;147
517;518;367
517;519;1075
518;97;1
518;517;367
518;519;921
519;98;1
519;517;1075
519;518;921
519;520;645
519;524;659
519;525;1470
519;632;1
520;519;645
520;521;751
520;524;938
521;520;751
521;522;120
521;524;1386
521;549;1290
521;550;906
522;99;1
522;521;120
523;100;1
523;524;226
524;519;659
524;520;938
524;521;1386
524;523;226
525;101;1
525;519;1470
525;526;351
525;633;1
526;102;1
526;525;351
526;634;1
527;108;1
527;295;1
527;528;3424
527;533;1497
527;534;3846
528;109;1
528;296;1
528;527;3424
528;529;922
529;110;1
529;297;1
529;528;922
529;530;285
529;636;1
530;298;1
530;529;285
530;531;661
530;532;1160
531;111;1
531;299;1
531;530;661
531;532;726
532;113;1
532;300;1
532;530;1160
532;531;726
532;533;1534
532;534;2695
533;527;1497
533;532;1534
534;114;1
534;301;1
534;527;3846
534;532;2695
534;637;1
535;116;1
535;302;1
535;536;645
536;117;1
536;303;1
536;535;645
537;118;1
537;538;612
538;119;1
538;304;1
538;537;612
538;539;499
538;540;866
539;120;1
539;305;1
539;538;499
539;540;369
539;638;1
540;121;1
540;306;1
540;538;866
540;539;369
541;124;1
541;307;1
541;542;93.4
542;308;1
542;541;93.4
542;543;237.1
543;309;1
543;542;237.1
543;639;1
544;310;1
544;545;1068
545;311;1
545;516;1328
545;544;1068
545;546;659
545;548;1154
545;551;1759
545;552;1810
545;640;1
546;125;1
546;312;1
546;545;659
546;547;723
546;548;1076
547;126;1
547;313;1
547;546;723
547;548;840
547;549;1500
547;641;1
548;314;1
548;545;1154
548;546;1076
548;547;840
548;549;1070
548;551;889
549;127;1
549;315;1
549;521;1290
549;547;1500
549;548;1070
549;550;1442
549;551;1450
550;316;1
550;521;906
550;549;1442
550;551;837
550;552;849
551;317;1
551;545;1759
551;548;889
551;549;1450
551;550;837
551;552;306
552;318;1
552;545;1810
552;550;849
552;551;306
553;128;1
553;481;627
553;554;140
554;319;1
554;553;140
554;555;218
554;556;2040
554;562;2056
554;564;2462
555;129;1
555;320;1
555;553;365
555;554;218
556;130;1
556;554;2040
556;557;766
557;131;1
557;556;766
557;558;833
558;132;1
558;557;833
558;559;1179
559;133;1
559;558;1179
559;560;87.1
559;561;325
560;134;1
560;559;87.1
560;561;245
561;559;325
561;560;245
561;604;2685
562;554;2056
562;563;1612
562;564;895
562;566;1409
563;562;1612
563;566;2420
563;568;635
563;588;1192
563;592;2063
564;554;2462
564;562;895
564;565;964
564;566;1235
565;135;1
565;564;964
565;566;757
566;562;1409
566;563;2420
566;564;1235
566;565;757
566;567;1644
566;568;2035
566;570;1556
567;136;1
567;566;1644
567;570;1190
567;571;1286
568;563;635
568;566;2035
568;569;512
568;570;646
568;588;1199
569;568;512
569;572;1019
569;588;921
569;642;1
570;321;1
570;566;1556
570;567;1190
570;568;646
570;571;488
570;572;680
571;137;1
571;322;1
571;567;1286
571;570;488
571;572;686
572;323;1
572;569;1019
572;570;680
572;571;686
572;573;1314
572;574;1713
573;572;1314
573;574;715
573;575;812
574;572;1713
574;573;715
574;575;490
575;324;1
575;573;812
575;574;490
575;578;1141
575;580;1071
575;585;1069
576;577;923
577;138;1
577;576;923
578;139;1
578;575;1141
578;579;554
578;580;523
579;140;1
579;325;1
579;578;554
579;581;569
579;582;919
579;584;633
580;326;1
580;575;1071
580;578;523
580;581;56.4
580;585;363
581;327;1
581;579;569
581;580;56.4
581;584;396
581;585;367
581;643;1
582;141;1
582;328;1
582;579;919
582;583;742
582;584;651
583;142;1
583;329;1
583;582;742
583;584;988
583;586;1469
583;644;1
584;330;1
584;579;633
584;581;396
584;582;651
584;583;988
584;585;583
585;331;1
585;575;1069
585;580;363
585;581;367
585;584;583
585;586;1088
586;583;1469
586;585;1088
586;587;2055
587;143;1
587;586;2055
587;589;825
588;563;1192
588;568;1199
588;569;921
588;589;2328
588;592;1462
589;587;825
589;588;2328
589;590;7.3
590;589;7.3
590;591;1129
591;144;1
591;590;1129
591;594;746
592;563;2063
592;588;1462
592;593;1117
592;594;1170
593;592;1117
593;594;1569
593;597;1110
594;591;746
594;592;1170
594;593;1569
594;595;237
594;596;1359
594;597;1158
595;145;1
595;594;237
596;146;1
596;594;1359
596;597;718
596;599;470
596;645;1
597;593;1110
597;594;1158
597;596;718
598;600;512
599;147;1
599;596;470
599;601;532
600;598;512
600;601;1155
600;605;862
601;148;1
601;599;532
601;600;1155
601;602;234
602;601;234
602;603;1509
603;149;1
603;602;1509
603;604;1206
603;605;931
604;150;1
604;561;2685
604;603;1206
604;605;1301
605;600;862
605;603;931
605;604;1301
606;1;1
606;607;4911.42
606;609;5433.32
607;158;1
607;339;1
607;606;4911.42
607;609;2225.62
607;611;1498.57
607;612;8396.2
607;614;8510.39
608;166;1
608;347;1
608;609;1211.1
608;611;2155.84
608;616;6749.63
609;14;1
609;171;1
609;352;1
609;606;5433.32
609;607;2225.62
609;608;1211.1
609;611;3366.66
609;612;7729.35
609;614;8534.38
609;615;4197.93
609;616;5539.75
609;617;5831.85
609;622;6389.12
610;179;1
610;360;1
610;615;4203.69
610;616;5707.19
611;365;1
611;607;1498.57
611;608;2155.84
611;609;3366.66
611;638;11249.37
612;30;1
612;186;1
612;382;1
612;607;8396.2
612;609;7729.35
612;613;2937.13
612;614;1998.57
612;616;9255.82
612;644;6069.39
613;390;1
613;612;2937.13
613;614;1137.97
613;636;11339.64
614;37;1
614;188;1
614;393;1
614;607;8510.39
614;609;8534.38
614;612;1998.57
614;613;1137.97
615;40;1
615;609;4197.93
615;610;4203.69
615;616;1879.9
615;625;2703.29
616;43;1
616;191;1
616;399;1
616;608;6749.63
616;609;5539.75
616;610;5707.19
616;612;9255.82
616;615;1879.9
616;617;345.96
616;618;1144.21
616;619;1243.61
616;620;1444.82
616;621;369.32
616;622;960.26
616;624;2512.24
616;626;2544.54
616;629;5516.09
616;642;6604.86
617;199;1
617;407;1
617;609;5831.85
617;616;345.96
617;618;854.81
617;620;1103.13
617;624;2236.9
618;51;1
618;205;1
618;413;1
618;616;1144.21
618;617;854.81
618;620;846.25
618;629;5166.33
619;209;1
619;417;1
619;616;1243.61
619;624;2712.98
620;60;1
620;214;1
620;422;1
620;616;1444.82
620;617;1103.13
620;618;846.25
620;622;1179.34
620;624;1382.17
621;224;1
621;432;1
621;616;369.32
621;625;1783.34
622;229;1
622;437;1
622;609;6389.12
622;616;960.26
622;620;1179.34
622;623;1199.66
622;624;1716.18
622;626;1626.24
622;629;4641.7
623;259;1
623;467;1
623;622;1199.66
623;624;1060.57
624;78;1
624;261;1
624;469;1
624;616;2512.24
624;617;2236.9
624;619;2712.98
624;620;1382.17
624;622;1716.18
624;623;1060.57
624;626;1737.06
624;627;1135.4
624;628;2431.35
624;629;3018.1
624;645;4584.78
625;81;1
625;265;1
625;473;1
625;615;2703.29
625;621;1783.34
625;626;653.73
626;266;1
626;474;1
626;616;2544.54
626;622;1626.24
626;624;1737.06
626;625;653.73
626;629;3706.89
627;481;1
627;624;1135.4
627;628;1394.84
627;629;2108.43
628;486;1
628;624;2431.35
628;627;1394.84
628;629;805.61
629;88;1
629;489;1
629;616;5516.09
629;618;5166.33
629;622;4641.7
629;624;3018.1
629;626;3706.89
629;627;2108.43
629;628;805.61
629;630;3442
629;631;2276.9
629;632;4954.07
629;634;5885.05
629;635;6976.37
629;636;12062.03
629;637;9035.75
629;638;8088.06
629;639;6894.47
629;640;5955.04
629;641;6504.47
629;643;6299.07
629;644;7534.44
629;645;5807.86
630;94;1
630;289;1
630;511;1
630;629;3442
630;631;1312.68
630;633;2634.56
630;640;3277.04
631;290;1
631;512;1
631;629;2276.9
631;630;1312.68
631;632;2941.29
632;98;1
632;519;1
632;629;4954.07
632;631;2941.29
632;638;4668.41
632;640;3332.47
633;101;1
633;525;1
633;630;2634.56
633;636;6585.92
633;637;4141.43
633;641;3774.1
634;102;1
634;526;1
634;629;5885.05
634;635;2377.93
634;636;6294.17
635;105;1
635;629;6976.37
635;634;2377.93
636;110;1
636;297;1
636;529;1
636;613;11339.64
636;629;12062.03
636;633;6585.92
636;634;6294.17
636;637;3277.15
636;638;7833.28
636;641;7890.22
637;114;1
637;301;1
637;534;1
637;629;9035.75
637;633;4141.43
637;636;3277.15
637;643;8309.77
638;120;1
638;305;1
638;539;1
638;611;11249.37
638;629;8088.06
638;632;4668.41
638;636;7833.28
638;639;1198.98
638;640;2134.61
638;641;1835.71
639;309;1
639;543;1
639;629;6894.47
639;638;1198.98
639;640;957.01
640;311;1
640;545;1
640;629;5955.04
640;630;3277.04
640;632;3332.47
640;638;2134.61
640;639;957.01
640;641;1076.07
641;126;1
641;313;1
641;547;1
641;629;6504.47
641;633;3774.1
641;636;7890.22
641;638;1835.71
641;640;1076.07
642;569;1
642;616;6604.86
642;643;2693.77
643;327;1
643;581;1
643;629;6299.07
643;637;8309.77
643;642;2693.77
643;644;1280.82
644;142;1
644;329;1
644;583;1
644;612;6069.39
644;629;7534.44
644;643;1280.82
644;645;4774.54
645;146;1
645;596;1
645;624;4584.78
645;629;5807.86
645;644;4774.54
